{"cameraMode":{"drawMode":0,"name":"Shaded","section":"Shading Mode"},"sceneLighting":false,"audioPlay":false,"sceneViewState":{"m_AlwaysRefresh":false,"showFog":true,"showSkybox":false,"showFlares":true,"showImageEffects":true,"showParticleSystems":true,"showVisualEffectGraphs":true,"m_FxEnabled":true},"in2DMode":false,"pivot":{"x":0.0002999305725097656,"y":1.0694518089294434,"z":0.09883464872837067},"rotation":{"x":0.13542743027210236,"y":-0.11712341010570526,"z":0.016134286299347879,"w":0.9837207198143005},"size":1.4696694612503052,"orthographic":false}